entrees idiomatiques ATILF	synonymes
abandonner la partie	quitter la partie
à bâtons rompus	
abcès de fixation	
abonder dans le sens de	aller dans le sens de - parler dans le sens de
abonder dans son sens	
à bout de course	à bout de souffle - à la peine - être à la peine
à bout de souffle	à bout de course - à la peine - être à la peine
à bras ouverts	
à brûle-pourpoint	
accepter pour argent comptant	prendre pour argent comptant
accuser le coup	
acheter une conduite	
à ciel ouvert	
à cor et à cris	à son de trompe
à corps perdu	
à côté de ses pompes	
à couilles rabattues	
à couper au couteau	
à couper le souffle	
à courte vue	
à couteaux tirés	en guerre ouverte
à demi-mot	
à deux vitesses	
adopter un profil bas	
à double tour	
à double tranchant	
à faire dresser les cheveux sur la tête	
affaire classée	
affaire en or	
afficher la couleur	annoncer la couleur - jouer cartes sur table
à fleurets mouchetés	
à fond de cale	
à fond de train	à fond la caisse - à fond les baskets - à fond les manettes - à plein gaz - à tire-d’aile - à tombeau ouvert - à toutes jambes - à toute vapeur - au pas de charge - en quatrième (vitesse) - le pied au plancher - plein pot
à fond la caisse	à fond de train - à fond les baskets - à fond les manettes - à plein gaz - à tire-d’aile - à tombeau ouvert - à toutes jambes - à toute vapeur - au pas de charge - en quatrième (vitesse) - le pied au plancher - plein pot
à fond les baskets	à fond de train - à fond la caisse - à fond les manettes - à plein gaz - à tire-d’aile - à tombeau ouvert - à toutes jambes - à toute vapeur - au pas de charge - en quatrième (vitesse) - le pied au plancher - plein pot
à fond les manettes	à fond de train - à fond la caisse - à fond les baskets - à fond les manettes - à plein gaz - à tire-d’aile - à tombeau ouvert - à toutes jambes - à toute vapeur - au pas de charge - en quatrième (vitesse) - le pied au plancher - plein pot
agité du bocal	
à gogo	
à huis clos	
aiguille dans une botte de foin	
aimable comme une porte de prison	
air du temps	
ajouter de l’huile sur le feu	jeter de l’huile sur le feu - mettre de l’huile sur le feu - mettre le feu aux poudres
ajouter son grain de sel	fourrer son nez
à la belle étoile	
à la bonne franquette	
à la cantonnade	
à la côte	
à la cravache	
à la dure	
à la flan	à la graisse de hérisson - à la mords-moi le noeud - au rabais - de bazar - de bouts de ficelle - haut de gamme
à la fleur de l’âge	
à la force du poignet	
à la fortune du pot	à la bonne franquette
à la godille	
à la graisse de hérisson	à la con - à la flan - à la mords-moi le noeud - au rabais - bas de gamme - de bazar - de bouts de ficelle - de quatre sous - haut de gamme
à la lettre	au pied de la lettre
à la longue	
à la louche	
à la mie de pain	
à la mode de Bretagne	
à la mords-moi le noeud	à la graisse de hérisson - à la flan - au rabais - de bazar - de bouts de ficelle
à la nage	au bout du rouleau - au trente-sixième dessous - aux abois - dans la dèche - dans la mouise - dans la panade - dans le pétrin - sur la paille
à la papa	
à la pelle	à tire-larigot
à la sauvette	à la va-vite
à la va comme je te pousse	
à la va-vite	à la sauvette
à l’article de la mort	au bord de la tombe
aléas du métier	
à l’eau de rose	
aller au charbon	
aller au petit coin	
aller au tapis	mordre la poussière
aller bon train	
aller comme sur des roulettes	avoir le vent en poupe
aller comme un gant	
aller dans le sens de	abonder dans le sens de - parler dans le sens de
aller droit au coeur	parler au cœur
aller [s’en] en fumée	
aller [y] fort	aller trop loin - pousser le bouchon un peu loin
aller loin	
aller plus vite que la musique	
aller se rhabiller	lâcher pied - lâcher prise
aller son (petit) bonhomme de chemin	continuer son bonhomme de chemin - poursuivre son bonhomme de chemin - suivre son train de vie
aller trop loin	aller [y] fort - pousser le bouchon un peu loin
à l’oeil nu	
à loisir	
à l’ombre de	sous l’aile de
âme soeur	
amener de l’eau au moulin	apporter de l’eau au moulin
à mots couverts	
âne bâté	
année de vaches maigres	
annoncer la couleur	afficher la couleur - jouer cartes sur table
à pas comptés	à pas mesurés - à pas de fourmi - à pas de tortue
à pas mesurés	à pas comptés - à pas de fourmi - à pas de tortue
à pas de fourmi	à pas comptés - à pas mesurés - à pas de tortue
à pas de géant	
à pas de loup	
à pas de tortue	à pas comptés - à pas mesurés - à pas de fourmi
à plein gaz	à fond de train - à fond la caisse - à fond les baskets - à fond les manettes - à tire-d’aile - à tombeau ouvert - à toutes jambes - à toute vapeur - au pas de charge - en quatrième (vitesse) - le pied au plancher - plein pot
à poigne	
à point nommé	
appel du pied	
appeler le ban et l’arrière ban	
appeler les choses par leur nom	appeler un chat un chat
appeler un chat un chat	
appétit d’ogre	appétit de loup - faim de loup
appétit de loup	appétit d’ogre - faim de loup
apporter de l’eau au moulin	amener de l’eau au moulin
apporter sa pierre à l’édifice	
apporter sur un plateau (d’argent)	
apprendre à vivre	dire deux mots - faire une scène - passer un savon - prendre à partie - remonter les bretelles - sonner les cloches
appuyer sur le champignon	mettre la gomme - mettre les gaz
à prix d’or	au poids de l’or
à réveiller un mort	
à revendre	
arme à double tranchant	
arriver à bon port	
arriver comme un cheveu sur la soupe	arriver comme un chien dans un jeu de quilles
arriver comme un chien dans un jeu de quilles	arriver comme un cheveu sur la soupe
arrondir les angles	
arrondir sa (ses) fin(s) de mois	
à sa taille	
as de pique	
à ses risques (et péril)	
à six pieds sous terre	
à son de trompe	à cor et à cris
asperge montée	
assiette au beurre	vache à lait
à temps perdu	
à tire-d’aile	à fond de train - à fond la caisse - à fond les baskets - à fond les manettes - à plein gaz - à tire-d’aile - à tombeau ouvert - à toutes jambes - à toute vapeur - au pas de charge - en quatrième (vitesse) - le pied au plancher - plein pot
à tire-larigot	à la pelle
à tombeau ouvert	à fond de train - à fond la caisse - à fond les baskets - à fond les manettes - à plein gaz - à tire-d’aile - à toutes jambes - à toute vapeur - au pas de charge - en quatrième (vitesse) - le pied au plancher - plein pot
à tort et à travers	
à tour de rôle	
à tous crins	
à tous les vents	aux quatre vents
à tout bout de champ	
à tout casser	du feu de Dieu - du tonnerre (de Dieu)
à tout casser	
à toutes jambes	à fond de train - à fond la caisse - à fond les baskets - à fond les manettes - à plein gaz - à tire-d’aile - à tombeau ouvert - à toute vapeur - au pas de charge - en quatrième (vitesse) - le pied au plancher - plein pot
à toute vapeur	à fond de train - à fond la caisse - à fond les baskets - à fond les manettes - à plein gaz - à tire-d’aile - à tombeau ouvert - au pas de charge - en quatrième (vitesse) - le pied au plancher - plein pot
attraper la balle au bond	prendre la balle au bond - saisir la balle au bond
au bas mot	
au beau fixe	
au bord de la tombe	à l’article de la mort
au bord du gouffre	
au bout du monde	au diable vauvert
au bout du rouleau	à la nage - au trente-sixième dessous - aux abois - dans la dèche - dans la mouise - dans la panade - dans le pétrin - sur la paille
au chaud	
au compte-gouttes	
au creux de la vague	dans le creux de la vague
au débotté	au pied levé
au diable vauvert	au bout du monde
au doigt et à l’oeil	
au lance-pierre(s)	
au nez et à la barbe de	
à un poil près	de justesse
au pas de charge	à fond de train - à fond la caisse - à fond les baskets - à fond les manettes - à plein gaz - à tire-d’aile - à toutes jambes - à toute vapeur - en quatrième (vitesse) - le pied au plancher - plein pot
au petit pied	
au (petit) poil	au quart de poil
au quart de poil	
au pied de la lettre	
au pied levé	au débotté
au pif	à vue de nez
au poids de l’or	à prix d’or
au rabais	à la graisse de hérisson - à la flan - à la mords-moi le noeud - de bazar - de bouts de ficelle
au trente-sixième dessous	à la nage - au bout du rouleau - aux abois - dans la dèche - dans la mouise - dans la panade - dans le pétrin - sur la paille
aux abois	à la nage - au bout du rouleau - au trente-sixième dessous - dans la dèche - dans la mouise - dans la panade - dans le pétrin - sur la paille
aux frais de la princesse	
aux prises avec	
aux quatre vents	à tous les vents
aux trousses de	
à vau-l’eau	en roue libre
à visage découvert	
avaler des couleuvres	
avaler la pilule	
avaler sa langue	
avaler sa salive	
avant la lettre	
avec armes et bagages	
avec des (les) gants	
avis aux amateurs	
avocat du diable	
avoir à la bonne	
avoir à l’oeil	avoir l’œil dessus - veiller au grain
avoir à l’usure	
avoir [en] assez	avoir les boules - avoir [en] marre - avoir [en] par-dessus la tête - avoir [en] plein le dos - avoir [en] plein les bottes - avoir [en] plein les couilles - avoir [en] ras la casquette
avoir bon dos	
avoir bonne presse	
avoir chaud aux fesses	faire dans sa culotte - faire dans son froc
avoir dans la peau	
avoir dans le nez	
avoir dans le sang	
avoir dans sa poche	
avoir d’autres chats à fouetter	
avoir de la bouteille	prendre de la bouteille
avoir de la gueule	avoir du chien
avoir de la veine	avoir du bol - avoir du pot
avoir de l’esprit comme un demon	avoir [en] sous les bigoudis
avoir de l’oreille (musicale)	
avoir de qui tenir	
avoir de quoi (voir venir)	
avoir des antennes	
avoir des oeillères	
avoir deux visages	
avoir deux mains gauches	
avoir deux paroles	
avoir du bol	avoir de la veine - avoir du pot
avoir du chien	avoir de la gueule
avoir du coffre	avoir du cran
avoir du cran	avoir du coffre
avoir du culot	avoir du (le) front
avoir du (le) front	avoir du culot
avoir du métier	
avoir du pain sur la planche	
avoir du plomb dans l’aile	battre de l’aile
avoir du plomb dans la tête	
avoir du pot	avoir de la veine - avoir du bol
avoir fait son temps	
avoir [en] gros sur la patate	avoir [en] gros sur le coeur
avoir [en] gros sur le coeur	avoir [en] gros sur la patate
avoir la berlue	
avoir la bosse	
avoir la bouche en coeur	
avoir la boule à zéro	
avoir la bride sur le cou	
avoir la chair de poule	
avoir la clef des champs	
avoir la cote	
avoir la cuisse légère	
avoir la dalle en pente	avoir le gosier en pente - boire comme un trou - lever le coude - prendre une cuite
avoir la dent	avoir les crocs - avoir les dents longues - avoir l’estomac dans les talons
avoir la dent dure	
avoir la gorge serrée	
avoir la grosse tête	avoir une grosse tête
avoir la haute main	
avoir la langue bien pendue	ne pas avoir sa langue dans sa poche
avoir la peau	
avoir la frite	avoir la pêche
avoir la pêche	avoir la frite
avoir la puce à (derrière) l’oreille	
avoir la reconnaissance du ventre	
avoir la tête ailleurs	avoir la tête dans les nuages - être dans la lune - être dans les nuages
avoir la tête dans les nuages	avoir la tête ailleurs - être dans la lune - être dans les nuages
avoir la tête de	
avoir la tête dure	
avoir la tête sur les épaules	
avoir l’air et la chanson de	
avoir le beau rôle	
avoir le bourdon	avoir le cafard - broyer du noir
avoir le cafard	avoir le bourdon - broyer du noir
avoir le champ libre	
avoir l’échine souple	
avoir le coeur bien accroché	avoir l'estomac bien accroché
avoir le coeur sur la main	
avoir le compas dans l’oeil	
avoir le couteau sous la gorge	
avoir le dernier mot	
avoir le dessous	
avoir le dessus	avoir le meilleur - emporter le morceau - enlever le morceau - prendre le dessus - prendre le meilleur - avoir le dessous
avoir le diable au corps	
avoir le gosier en pente	avoir la dalle en pente - boire comme un trou - lever le coude - prendre une cuite
avoir le meilleur	avoir le dessus - emporter le morceau - enlever le morceau - prendre le dessus - prendre le meilleur - avoir le dessous
avoir le moral	
avoir le moral à zéro	avoir le moral dans les chaussettes
avoir le moral dans les chaussettes	avoir le moral à zéro
avoir le pas sur	
avoir le sang chaud	prendre la mouche
avoir les boules	avoir [en] assez - avoir [en] marre - avoir [en] plein le dos - avoir [en] plein les bottes - avoir [en] plein les couilles - avoir [en] ras la casquette
avoir les chevilles qui enflent	avoir les chevilles qui gonflent - boire du petit lait - ne plus se sentir pisser
avoir les chevilles qui gonflent	avoir les chevilles qui enflent - boire du petit lait - ne plus se sentir pisser
avoir les crocs	avoir la dent - avoir les dents longues - avoir l’estomac dans les talons
avoir les dents longues	avoir la dent - avoir les crocs - avoir l’estomac dans les talons
avoir les deux pieds sur terre	avoir les pieds sur terre
avoir les foies (blancs)	avoir les jetons
avoir les jetons	avoir les foies (blancs)
avoir les jambes coupées	
avoir les mains dans les poches	
avoir les mains libres	
avoir les pieds sur terre	avoir les deux pieds sur terre
avoir les portugaises ensablées	
avoir l’esprit d’escalier	
avoir l’esprit mal tourné	
avoir l'estomac bien accroché	avoir le coeur bien accroché
avoir l’estomac dans les talons	avoir la dent - avoir les crocs
avoir le vent en poupe	aller comme sur des roulettes
avoir le verbe facile	
avoir le verbe haut	
avoir le vin triste	
avoir [en] par-dessus la tête	avoir [en] assez - avoir les boules - avoir [en] marre - avoir [en] plein le dos - avoir [en] plein les bottes - avoir [en] plein les couilles - avoir [en] ras la casquette
avoir pignon sur rue	
avoir [en] plein le dos	avoir [en] assez - avoir les boules - avoir [en] marre - avoir [en] par-dessus la tête - avoir [en] plein les bottes - avoir [en] plein les couilles - avoir [en] ras la casquette
avoir plus d’un tour dans son sac	
avoir plusieurs casquettes	
avoir plusieurs cordes à son arc	
avoir quelque chose dans le ventre	
avoir [en] ras la casquette	avoir [en] assez - avoir les boules - avoir [en] marre - avoir [en] par-dessus la tête - avoir [en] plein le dos - avoir [en] plein les bottes - avoir [en] plein les couilles - avoir [en] ras la casquette
avoir ses têtes	
avoir son plein	
avoir sous la main	
avoir [en] sous les bigoudis	
avoir toute sa tête	
avoir tout faux	
avoir un chat dans la gorge	
avoir un cheveu sur la langue	
avoir un coeur d’artichaut	
avoir un coup dans l’aile	avoir un coup dans le nez - avoir un verre dans le nez
avoir un coup dans le nez	avoir un coup dans l’aile - avoir un verre dans le nez
avoir une araignée au (dans le) plafond	avoir une case en moins - être tombé sur la tête - travailler du chapeau
avoir une case en moins	avoir une araignée au (dans le) plafond - être tombé sur la tête - travailler du chapeau
avoir une chance de cocu	naître coiffé - naître sous une bonne étoile
avoir une dent contre	
avoir une grande gueule	
avoir une grosse tête	avoir la grosse tête
avoir une peur bleue	
avoir un verre dans le nez	avoir un coup dans l’aile - avoir un coup dans le nez
avoir un mal de chien	
avoir un pied dans la tombe	sentir le sapin
avoir un poil dans la main	
avoir voix au chapitre	
à vol d’oiseau	
à vue de nez	au pif
à vue d’oeil	
baigner dans l’huile	
baiser de Judas	
baiser sans moustache	
baisser la garde	
baisser la tête	courber la tête - courber l’échine - plier l’échine
baisser les bras	baisser pavillon - donner sa langue au chat - jeter l’éponge - lever les bras - mettre les pouces
baisser pavillon	baisser les bras - donner sa langue au chat - jeter l’éponge - lever les bras - mettre les pouces
baisser sa culotte	baisser son froc
baisser son froc	baisser sa culotte
balancer la purée	
balayer devant sa porte	
ballon d’essai	
ballon d’oxygène	bouée de sauvetage - planche de salut
bander mou	
baptême du feu	
bas de gamme	à la graisse de hérisson - à la flan - à la mords-moi le noeud - au rabais - de bazar - de bouts de ficelle - de quatre sous
bas de laine	
bas de plafond	
bâtir sur le roc	
bâton de chair	
bâton de vieillesse	
battre [se] à armes égales	
battre à plates coutures	
battre [se] comme des chiffonniers	
battre comme plâtre	
battre [se] comme un lion	
battre [se] contre les moulins à vent	
battre de l’aile	avoir du plomb dans l’aile - branler dans le manche
battre en brèche	
battre la campagne	
battre la chamade	
battre la semelle	
battre le fer quand il est chaud	
battre le pavé	descendre dans la rue
battre le rappel	
battre [se] les flancs	
battre sa coulpe	
battre son plein	
beau brin de fille	
beau comme le jour	beau comme un camion - beau comme un cœur
beau comme un camion	beau comme le jour - beau comme un cœur
beau comme un cœur	beau comme le jour - beau comme un camion
beau comme un dieu	
beau comme un prince	
beaucoup de bruit pour rien	
beau garçon	beau gosse
beau gosse	beau garçon
beau linge	
beau parleur	
beauté du diable	
beau ténébreux	
belle vie	
bête à manger du foin	bouché à l’émeri
bête à pleurer	
bête comme ses pieds	bête comme un âne
bête comme un âne	bête comme ses pieds
bien dans sa peau	
bien dans sa tête	
bien fait de sa personne 	
bijoux de famille	
bille de clown	
bille en tête	
billet doux	
boire comme un trou	avoir le gosier en pente - avoir la dalle en pente - lever le coude - prendre une cuite
boire du petit lait	avoir les chevilles qui enflent - avoir les chevilles qui gonflent - ne plus se sentir pisser
boire la tasse	
boire le calice jusqu’à la lie	
boire les paroles de	
boire un coup	
boîte de Pandore	
bon ami	
bon an, mal an	
bon chic bon genre	
bon combat	
bon diable	
bonne âme	bonne pâte - bonne pomme
bonne chère	
bonne foi	
bonne pâte	bonne âme - bonne pomme
bonne poire	
bonne pomme	bonne âme - bonne pâte
bon pied bon oeil	en forme
bon prince	brave garçon
bons mots	
bons temps	
bon teint	
bordée d’injures	
botte secrète	
botter le train	
bouc émissaire	
bouché à l’émeri	bête à manger du foin
bouche bée	
bouche cousue	
bouche en cul de poule	
bouche inutile	poids mort
boucler la boucle	
bouée de sauvetage	ballon d’oxygène - planche de salut
bouffer du curé	
bouffer du lion	
bouffer la chatte	
bouffer le nez	
bouillon de culture	
boule de neige	
boulevard des allongés	jardin des allongés
bourreau des coeurs	
bourreau de travail	
bourré comme un coing	plein comme une barrique - plein comme une huître - soûl comme un cochon
bourrer le crâne	
bout de chemin	
bout de chou	
bout d’homme	
bout du tunnel	
bouteille à l’encre	
branler dans le manche	avoir du plomb dans l’aile - battre de l’aile
bras de fer	peau de vache
bras dessus bras dessous	
bras droit	
brave garçon	bon prince
brebis égarée	
brebis galeuse	
brève de comptoir	
briller par son absence	
briseur de grève	
brouiller les cartes	
brouiller les pistes	
broyer du noir	avoir le bourdon - avoir le cafard
bruit et fureur	
brûler la chandelle par les deux bouts	
brûler la politesse	
brûler [se] les ailes	
brûler les étapes	
brûler les lèvres	
brûler les planches	
cacher son jeu	
calmer le jeu	
ça ne mange pas de pain	
ça passe ou ça casse	
capote anglaise	
carte blanche	
cartes sur table	
casser du sucre sur le dos	déchirer à belles dents - renvoyer dans les cordes
casser [se] la gueule	
casser la gueule à	
casser la tête	casser les burnes - casser les couilles - casser les oreilles - casser les pieds - chauffer les oreilles - foutre les boules - peler le jonc - pomper l’air - prendre la tête
casser les burnes	casser la tête - casser les couilles - casser les oreilles - casser les pieds - chauffer les oreilles - foutre les boules - peler le jonc - pomper l’air - prendre la tête
casser les couilles	casser la tête - casser les burnes - casser les oreilles - casser les pieds - chauffer les oreilles - foutre les boules - peler le jonc - pomper l’air - prendre la tête
casser les oreilles	casser les burnes - casser les couilles - casser les oreilles - casser les pieds - chauffer les oreilles - foutre les boules - peler le jonc - pomper l’air - prendre la tête
casser les pieds	casser les burnes - casser les couilles - casser les oreilles - casser les pieds - chauffer les oreilles - foutre les boules - pomper l’air - prendre la tête
casser sa pipe	descendre au tombeau - passer l’arme à gauche
casseur d’assiettes	
causer de la pluie et du beau temps	parler de la pluie et du beau temps
céder le pas	
ce n‘est pas du caviar	
ce n’est pas sa tasse de thé	ce n’est pas son trip - ce n’est pas son truc
ce n’est pas son trip	ce n’est pas sa tasse de thé - ce n’est pas son truc
ce n’est pas son truc	ce n’est pas sa tasse de thé - ce n'est pas mon trip
cercle vicieux	
cerise sur le gâteau	
cervelle de moineau	cervelle d’oiseau - tête creuse - tête de linotte - tête en l’air
cervelle d’oiseau	cervelle de moineau - tête creuse - tête de linotte - tête en l’air
c’est bonnet blanc et blanc bonnet	
c’est dans la poche	c’est du tout cuit
c’est de l’hébreu	c’est du chinois
c’est du billard	c’est du gâteau
c’est du chinois	c’est de l’hébreu
c’est du gâteau	c’est du billard
c’est du pipeau	
c’est du tout cuit	c’est dans la poche
c’est la croix et la bannière	
c’est la fin des haricots	
c’est le monde à l’envers	
c’est une autre paire de manches	
changer d’air	
 changer de disque	
changer de peau	
changer de ton	
chasse aux sorcières	
château de cartes	
château en Espagne	
chaud lapin	
chauffer à blanc	
chauffer les oreilles	casser les burnes - casser les couilles - casser les oreilles - casser les pieds - chauffer les oreilles - foutre les boules - peler le jonc - pomper l’air - prendre la tête
chemin des écoliers	
chier dans les bottes	
cinq contre un	
cinquième roue du carrosse	
cire molle	
cirer les bottes	cirer les pompes - lécher les bottes - passer de la pommade - passer la main dans le dos
cirer les pompes	cirer les bottes - lécher les bottes - passer de la pommade - passer la main dans le dos
claquer du bec	
clé de voûte	
coeur à coeur	
coeur de glace	
coeur de lion	
cœur de pierre	
coeur d’or	
coiffer sainte Catherine	
coiffer sur le poteau	
coincer la bulle	
collet monté	
comme chien et chat	
comme dans un moulin	
comme un coq en pâte	
comme un poisson dans l'eau	
comme un poisson hors de l’eau	
connaître comme sa poche	
connaître la musique	
connaître le terrain	
connaître [en] un bout	connaître [en] un rayon
connaître [en] un rayon	connaître [en] un bout
conte à dormir debout	histoire à dormir debout
conter fleurette	
continuer son bonhomme de chemin	aller son (petit) bonhomme de chemin - poursuivre son bonhomme de chemin - suivre son train de vie
coq du village	
corde sensible	
corps et âme	
couille molle	
couler de l’eau sous les ponts	
couler de source	
couler entre les doigts	filer entre les doigts - passer sous le nez
couleur locale	
coup bas	mauvais coup
coup de balai	
coup de bélier	
coup de coeur	
coup de collier	
coup de foudre	
coup de fouet	
coup de grâce	
coup de Jarnac	
coup de jeune	
coup de main	
coup de maître	tour de force
coup de pied de l’âne	
coup de poignard	
coup de poignard dans le dos	
coup de vieux	
coup d’envoi	
coup d’épée dans l’eau	
coup dur	sale coup (pour la fanfare)
couper court	
couper dans le vif	tailler dans le vif
couper la parole	
couper la poire en deux	
couper le cordon	
couper les cheveux en quatre	
couper le sifflet	
couper les ponts	rompre les ponts
couper l’herbe sous le pied	savonner la planche
coup fourré	
coup monté	
courber la tête	baisser la tête - baisser son froc - plier l’échine - plier l’échine
courber l’échine	baisser la tête - baisser son froc - courber la tête - plier l’échine
courir après	
courir la gueuse	
course contre la montre	
courte vue	
cousu de fil blanc	
cousu d’or	
coûter cher	
cracher au bassinet	
cracher dans la soupe	
cracher en l’air	
cracher son venin	
crâne d’oeuf	tête d’oeuf
créer un climat	
crêpage de chignon	
creuser [se] la tête	creuser [se] la cervelle
crever l’abcès	prendre le mal à la racine - vider l’abcès
crever la dalle	tirer la langue - tirer le diable par la queue
crever la gueule ouverte	
cri du coeur	
crier dans le désert	prêcher dans le désert
crier misère	pleurer misère
crier sur les toits	
crier victoire	vendre la peau de l’ours avant de l’avoir tué
croiser [se] les bras	tourner [se] les pouces
cuver son vin	
dans de beaux draps	
dans la boue	dans la mélasse
dans la dèche	à la nage - au bout du rouleau - au trente-sixième dessous - aux abois - dans la mouise - dans la panade - dans le pétrin - sur la paille
dans la dernière ligne droite 	
dans la fleur de l’âge	
dans la force de l’âge	
dans la foulée	
dans la mélasse	dans la boue
dans la merde jusqu’au cou	
dans la mouise	à la nage - au bout du rouleau - au trente-sixième dessous - aux abois - dans la dèche - dans la panade - dans le pétrin - sur la paille
dans la panade	à la nage - au bout du rouleau - au trente-sixième dessous - aux abois - dans la dèche - dans la mouise - dans le pétrin - sur la paille
dans le bain	
dans le cirage	à côté de ses pompes
dans le creux de la vague	au creux de la vague - dans une mauvaise passe
dans le feu de l’action	
dans le fond	
dans le pétrin	à la nage - au bout du rouleau - au trente-sixième dessous - aux abois - dans la dèche - dans la mouise - dans la panade - sur la paille
dans le plus simple appareil	
dans les bras de Morphée	
dans les fers	derrière les barreaux
dans les grandes largeurs	
dans le sillage de	
dans les pommes	
dans le tuyau de l’oreille	
dans tous ses états 	
dans une bonne passe	
dans une mauvaise passe	au creux de la vague - dans le creux de la vague
d’arrache-pied	
de bas étage	
de bazar	à la graisse de hérisson - à la flan - à la mords-moi le noeud - au rabais - bas de gamme - de bouts de ficelle - de quatre sous
déblayer le terrain	poser des jalons
de bon aloi	
de bon coeur	de grand coeur - de tout coeur
de bonne composition	
de bonne famille	
de bonne heure	
de bon poil	
de bon ton	
de bouche à oreille	
de bouts de ficelle	à la graisse de hérisson - à la flan - à la mords-moi le noeud - au rabais - bas de gamme - de bazar - de quatre sous
de bric et de broc	
de but en blanc	
de chair et de sang	de chair et d’os
de chair et d’os	de chair et de sang
déchirer à belles dents	casser du sucre sur le dos - descendre en flammes - renvoyer dans les cordes
déchirer le coeur	fendre l’âme - fendre le coeur - percer le cœur
de cocagne	
de coeur	
de connaissance	
décrocher la lune	
décrocher la timbale	décrocher le pompon
décrocher le pompon	décrocher la timbale
de cuisine	
de derrière les fagots	
de droite et de gauche	
de façade	
défaut de la cuirasse	
défenseur de la veuve et de l’orphelin	
de fil en aiguille	
de fond en comble	
de fortune	
défrayer la chronique	
dégourdir [se] les jambes	
de grand coeur	de bon coeur - de tout coeur
de guerre lasse	
de haut rang	de haute volée - de haut vol
de haut vol	de haute volée - de haut rang
de haute volée	de haut rang - de haut vol
de haute lutte	
de justesse	
de la cave au grenier	
de la même eau	de la même étoffe - du même tabac - du même tonneau
de la même étoffe	de la même eau - du même tabac - du même tonneau
de la plus belle eau	
de long en large	
de longue haleine	
de longue main	
de main de maître	
demander la main de	
demander la parole	
de marque	
de mauvais aloi	
de mauvais poil	
de mauvais ton	
démêler l’écheveau	
de même acabit	de même calibre
de même calibre	de même acabit
démon de midi	
démontrer par A + B	
dénominateur commun	
de pair avec	
de par le monde	
de parole	
de père en fils	
de pied en cap	
de pied ferme	
de plein fouet	
de plus belle	
déposer son bilan	
de premier ordre	
de premier plan	
de première main	
de près ou de loin	
de prix	
depuis que le monde est monde	
de quatre sous	à la graisse de hérisson - à la flan - à la mords-moi le noeud - au rabais - bas de gamme - de bazar - de bouts de ficelle
de quel bois je me chauffe	
dernier cri	
dernier mot	
dernier salon où l’on cause	
dernier sommeil	
dernière carte	dernière cartouche
dernière cartouche	dernière carte
dernière demeure	
dernière heure	
derrière le dos de	
derrière les barreaux	dans les fers
descendre au tombeau	casser sa pipe - passer l’arme à gauche
descendre dans la rue	battre le pavé
descendre en flammes	casser du sucre sur le dos - déchirer à belles dents - renvoyer dans les cordes
descendre la pente	
de second ordre	
de ses propres deniers	
des hauts et des bas	
des mille et des cents	
dès potron-minet	
dessus du panier	
de taille	de marque
déterrer la hache de guerre	
de tête	
de tous les diables	du diable
de tout coeur	de bon coeur - de grand coeur
de tout (tous) poil(s)	
deuxième couteau	second couteau
deux poids et deux mesures	
de vieille souche	
dévorer des yeux	
dialogue de sourds	
dindon de la farce	
dire amen	
dire deux mots	apprendre à vivre - faire une scène - passer un savon - prendre à partie - remonter les bretelles - sonner les cloches
dire son fait	
discuter le coup	
disparaître dans la nature	prendre la poudre d’escampette
disparaître de la circulation	être dans la nature
donnant donnant	
donner [se] à fond	
donner à pleines mains	
donner corps	
donner cours	
donner [se] de l’air	
donner [se] du bon temps	
donner du fil à retordre	
donner [se] du mal	
donner [se] du mouvement	
donner du temps au temps	
donner froid dans le dos	
donner le bourdon	
donner le jour	mettre au monde
donner le la	donner le ton
donner le ton	donner le la
donner l’exemple	
donner libre cours	
donner matière	donner prise - prêter le flanc
donner prise	donner matière - prêter le flanc
donner sa langue au chat	baisser les bras - baisser pavillon - jeter l’éponge - lever les bras - mettre les pouces
donner sa parole	
donner signe de vie	
donner un coup de pied dans la fourmilière	
dorer la pilule	
dormir à poings fermés	
dormir comme une marmotte	dormir comme un loir
dormir comme un loir	dormir comme une marmotte
dormir sur ses deux oreilles	
dormir sur ses lauriers	
doux comme le miel 	
dresser l’oreille	
du bon pied	du pied droit
du bout des dents	
du bout des lèvres	
du coin de l’oeil	
du cru de	
du diable	de tous les diables
du feu de Dieu	à tout casser - du tonnerre (de Dieu)
du jour au lendemain	d’une minute à l’autre
du mauvais pied	du pied gauche
du même tabac	de la même eau - de la même étoffe - du même tonneau
du même tonneau	de la même eau - de la même étoffe - du même tabac
d’une minute à l’autre	du jour au lendemain
d’une simplicité biblique	
d’un (seul) jet	
d’un seul tenant	
du pain et des jeux	
du pied droit	du bon pied
du pied gauche	du mauvais pied
dur à avaler	
dur à cuire	
dur à la détente	
dur de dur	
dur de la feuille	
du tonnerre (de Dieu)	à tout casser - du feu de Dieu
éclairer la lanterne de	
échange de bons procédés	
économie de bouts de chandelle	
écorcher les oreilles	
écorché vif	
écrire comme un chat	écrire comme un porc - écrire comme un cochon
écrire comme un cochon	écrire comme un porc - écrire comme un chat
écrire comme un porc	écrire comme un chat - écrire comme un cochon
emboîter le pas à	
éminence grise	
emporter le morceau	avoir le dessus - avoir le meilleur - enlever le morceau - prendre le dessus - prendre le meilleur
en bonne intelligence	
en (de) bonnes mains	
en bonne voie	
en catastrophe	
en cause	
encéphalogramme plat	
encyclopédie vivante	
en chair et en os	
en charpie	
en chien de fusil	
en dents de scie	
en dessous de la ceinture	
en deux temps (et trois mouvements)	
en deux mots	en quatre mots - en trois mots - en un mot
endormir [s’] sur ses lauriers	reposer [se] sur ses lauriers
en douce	en tapinois
en douceur	
en droite ligne	
en écharpe	
enfant de la balle	
enfant de l’amour	
en file indienne	
enfiler des perles	allonger la sauce
en flèche	
enfoncer le clou	
enfoncer le couteau dans la plaie	mettre le doigt sur la plaie - remuer le couteau dans la plaie - retourner le couteau dans la plaie
enfoncer une porte ouverte	
en guerre ouverte	à couteaux tirés
engueuler comme du poisson pourri	
en goguette	
en haut lieu	
en lettres de feu	
en lettres d’or	
enlever le morceau	avoir le dessus - avoir le meilleur - enlever le morceau - prendre le dessus - prendre le meilleur
en long et en large (et en travers)	
en (de) mauvaises mains	
ennemi public numéro 1	
en pays de connaissance	
en peau de lapin	
en (père) peinard	
en phase avec	
en plein boum	
en proie à	
en quatre mots	en deux mots - en trois mots - en un mot
en quatrième (vitesse)	à fond de train - à fond la caisse - à fond les baskets - à fond les manettes - à plein gaz - à tire-d’aile - à tombeau ouvert - à toutes jambes - à toute vapeur - au pas de charge - le pied au plancher - plein pot
en rade	
en rang d’oignons	
en rase campagne	
en roue libre	à vau-l’eau
en sommeil	
en souffrance	
en tapinois	en douce
en temps utile	
entendre [s’] comme des larrons en foire	
entendre raison	
enterrer la hache de guerre	
enterrer sa vie de garçon	
entre chien et loup	
entre deux âges	
entre deux chaises	
entre deux eaux	
entre deux feux	
entre deux portes	
entre guillemets	
entre la poire et le fromage	
entre l’arbre et l’écorce	entre le marteau et l’enclume
entre la vie et la mort	
entre le marteau et l’enclume	entre l’arbre et l’écorce
entre les lignes	
entre parenthèses	
entre quatre murs	
entre quatre planches	
entre quatre yeux	
entrer dans la danse	entrer dans la ronde
entrer dans la ronde	entrer dans la danse
entrer dans le jeu	entrer dans le système
entrer dans le système	entrer dans le jeu
entrer dans le vif du sujet	
entrer en jeu	
entrer en ligne de compte	
entrer en matière	
entrer en piste	
entrer par la bonne porte	entrer par la grande porte
entrer par la grande porte	entrer par la bonne porte
entrer par la petite porte	
en toutes lettres	
en trois mots	en deux mots - en quatre mots - en un mot
en un clin d’oeil	en un tour de main
en un mot	en deux mots - en trois mots - en quatre mots
en un tour de main	en un clin d’oeil
en vase clos	
en veux-tu en voilà	
envoyer balader	envoyer paître - envoyer promener - envoyer sur les roses - envoyer valser
envoyer paître	envoyer balader - envoyer promener - envoyer sur les roses - envoyer valser
envoyer promener	envoyer balader - envoyer paître - envoyer sur les roses - envoyer valser
envoyer sur les roses	envoyer balader - envoyer paître - envoyer promener - envoyer valser
envoyer valser	envoyer balader - envoyer paître - envoyer promener - envoyer sur les roses
épater la galerie	
esprit de chapelle	esprit de clan - esprit de clocher - esprit de parti
esprit de clan	esprit de chapelle - esprit de clocher - esprit de parti
esprit de clocher	esprit de chapelle - esprit de clan - esprit de parti
esprit de contradiction	
esprit de corps	esprit d’équipe
esprit de parti	esprit de chapelle - esprit de clan - esprit de clocher
esprit d’équipe	esprit de corps
esprit de suite	
étouffer dans l’oeuf	tuer dans l’oeuf
être à cheval sur	
être à côté de la plaque	
être à cran	être en pétard - fâcher [se] tout rouge
être à la barre	mener la danse - tenir les ficelles - tenir les rênes
être à la bourre	
être à la masse	
être à la page	être au parfum - être dans la course
être à la peine	être à bout de course - à bout de course - être à bout de soufle - à bout de soufle
être à la pointe	en flèche - être en flèche
être à l’eau	tomber à l’eau - tomber dans le lac
être à plat	être sur les nerfs
être à prendre avec des pincettes	
être à sec	
être au ciel	être au septième ciel - être aux anges - être sur un petit nuage
être au coin	
être au diapason	être dans la note - être dans le ton
être au parfum	être à la page
être au pied du mur	
être au septième ciel	être au ciel - être aux anges - être sur un petit nuage
être au taquet	
être aux anges	être au ciel - être au septième ciel - être sur un petit nuage
être aux petits soins pour	
être aux premières loges	
être bien dans ses baskets	
être bien loti	
être coiffé de	
être comme Saint Thomas	
être dans la course	être à la page - être au parfum
être dans l’air	
être dans la lune	avoir la tête ailleurs - avoir la tête dans les nuages - être dans les nuages
être dans la note	être au diapason - être dans le ton
être dans la peau de	mettre [se] dans la peau de
être dans le même bateau	être logé à la même enseigne
être dans le noir	
être dans les nuages	avoir la tête ailleurs - avoir la tête dans les nuages - être dans la lune
être dans le rouge	
être dans le secret des dieux	
être dans le ton	être au diapason - être dans la note
être dans le vague	
être dans le vent	
être dans les choux	
être dans sa poche	
être dans ses prix	
être dans son assiette	
être dans son élément	
être dans un bon jour	
être dans un mauvais jour	
être de glace	
être de mèche avec	
être du bâtiment	
être du même bord	
être écrit	
être en chair	
être en éveil	
être en froid avec	
être en jeu	
être en nage	
être en perte de vitesse	
être en pétard	être à cran - fâcher [se] tout rouge
être en reste avec	
être en voix	
être fait (comme un rat)	être sans issue
être juge et partie	
être la croix et la bannière	
être logé à la même enseigne	être dans le même bateau
être l’ombre de	
être mal loti	
être plus royaliste que le roi	
être rangé des voitures	
être sans issue	être fait (comme un rat)
être sur la bonne route	
être sur la brèche	
être sur la mauvaise pente	
être sur la touche	ne pas être dans le coup - rester sur la touche
être sur le flanc	
être sur les nerfs	être à plat
être sur les rangs	
être sur un petit nuage	être au ciel - être au septième ciel - être aux anges
être tombé sur la tête	avoir une araignée au (dans le) plafond - avoir une case en moins - travailler du chapeau
être une sainte nitouche	
être un prêté pour un rendu	
examen de conscience	
fâcher [se] tout rouge	être à cran - être en pétard
faim de loup	appétit de loup - appétit d’ogre
faire amende honorable	
faire [se] avoir	faire [se] entuber - foutre [se] dedans
faire bon marché	
faire bon ménage avec	
faire bonne figure	faire bonne mine - faire bon visage
faire bonne mine	faire bonne figure - faire bon visage
faire bouillir la marmite	
faire boule de neige	
faire bon visage	faire bonne figure - faire bonne mine
faire cavalier seul	
faire chorus	
faire chou blanc	
faire comme les copains	
faire contre mauvaise fortune bon coeur	
faire couler beaucoup d’encre	
faire coup double	faire d’une pierre deux coups
faire cul sec	
faire dans sa culotte	avoir chaud aux fesses - faire dans son froc
faire dans son froc	avoir chaud aux fesses - faire dans sa culotte
faire date	faire époque
faire [se] de la bile	faire [se] du mauvais sang
faire de l’esprit	
faire de l’oeil	faire les yeux doux
faire [en] des caisses	faire [en] une maladie - faire [en] une montagne - faire [en] un fromage - faire [en] un plat
faire [se] des cheveux blancs	faire [se] de la bile - faire [se] du mauvais sang
faire des étincelles	
faire des fleurs	
faire des galipettes	
faire des gammes	
faire des gorges chaudes	foutre [se] de la gueule de
faire des pieds et des mains	
faire des vagues	
faire double emploi	
faire dresser les cheveux sur la tête	
faire du boudin	
faire du foin	faire du suif
faire du genre	
faire du gringue	
faire [se] du mauvais sang	faire [se] de la bile
faire du rentre-dedans	
faire du vent	peigner la girafe
faire du zèle	
faire d’une pierre deux coups	faire coup double
faire échec	
faire école	
faire [se] entuber	faire [se] avoir - foutre [se] dedans
faire époque	
faire étalage de	
faire face	faire front
faire fausse route	
faire faux bond	
faire feu de tout bois	
faire flèche de tout bois	
faire foi	
faire front	faire face
faire fureur	
faire la chaîne	
faire la fine bouche	
faire la grasse matinée	
faire la gueule	faire la moue - faire la tête
faire la java	faire la nouba
faire la lumière sur	
faire [se] la main	
faire [se] la malle	ficher le camp - foutre le camp - mettre les bouts - mettre les voiles - prendre la clef (cle) des champs - tourner les talons
faire la manche	
faire la moue	faire la gueule - faire la tête
faire la nouba	faire la java
faire [se] la paire	faire [se] la malle - ficher le camp - foutre le camp - tourner les talons
faire la part belle à	
faire la part des choses	
faire la part du feu	
faire la peau de	
faire la pige à	
faire la pluie et le beau temps	
faire la roue	
faire la rue	faire le tapin - faire le trottoir
faire la sourde oreille	
faire la tête	faire la gueule - faire la moue
faire le jeu de	
faire le mort	
faire le pied de grue	faire le poireau
faire le poireau	faire le pied de grue
faire le pont	
faire le saut	
faire le tapin	faire la rue - faire le trottoir
faire le trottoir	faire la rue - faire le tapin
faire les cent pas	
faire les yeux doux	faire de l’oeil
faire l’oeuf	
faire long feu	
faire machine arrière	
faire main basse	
faire monter la mayonnaise	ajouter de l’huile sur le feu - jeter de l’huile sur le feu - mettre de l’huile sur le feu - mettre le feu aux poudres
faire mouche	mettre dans le mille
faire nombre	
faire partie des meubles	
faire patte de velours	
faire peau neuve	
faire pencher la balance	
faire pièce à	
faire place nette	
faire question	
faire rage	
faire recette	
faire ripaille	
faire [se] sauter la cervelle	
faire ses besoins (naturels)	
faire ses premières armes	
faire son affaire à	
faire son coming-out	sortir du placard
faire son compte	
faire son deuil	
faire son trou	
faire suisse	
faire table rase	
faire tache d’huile	
faire tapisserie	
faire tilt	
faire [se] tirer l’oreille	
faire tomber le masque	
faire tourner en bourrique	mettre à bout - porter sur les nerfs - pousser à bout - taper sur les nerfs - taper sur le système
faire tourner la tête de	
faire [se] tout petit	
faire [se] trouer la peau	
faire un carton	
faire une fleur	
faire [en] une maladie	faire [en] des caisses - faire [en] une montagne - faire [en] un fromage - faire [en] un plat
faire [en] une montagne	faire [en] des caisses - faire [en] une maladie - faire [en] un fromage - faire [en] un plat
faire [se] une place au soleil	
faire une quête	
faire [se] une raison	
faire une salade	
faire une scène	apprendre à vivre - dire deux mots - prendre à partie - remonter les bretelles - sonner les cloches
faire une tartine	
faire [en] un fromage	faire [en] des caisses - faire [en] une maladie - faire [en] une montagne - faire [en] un plat
faire un malheur	
faire [se] un nom	
faire un pied de nez	
faire [en] un plat	faire [en] des caisses - faire [en] une maladie - faire [en] une montagne - faire [en] un fromage
faire un sort à	
faire un tour de cochon	jouer un mauvais tour - jouer un sale tour - jouer un tour de cochon - jouer un vilain tour
faire un tour de table	
faire un tour d’horizon	
faire [en] voir (de toutes les couleurs)	
faiseur d’anges	
fait acquis	
fait du prince	
faits et gestes	
fauché comme les blés	
fausse note	
fauteur de troubles	
faux frais	
faux frère	
faux jeton	
faux pas	
femme de mauvaise vie	fille de joie - fille des rues
femme du monde	
femme fatale	
fendre l’âme	déchirer le coeur - fendre le coeur - percer le cœur
fendre le coeur	déchirer le coeur - fendre l’âme - percer le cœur
fenêtre ouverte	
fer de lance	
fermé comme une huître	
fermer boutique	
fermer la parenthèse	
fermer les portes	fermer boutique
fermer les yeux	
fermer l’oreille	
feu croisé	
feu de paille	
feuille de chou	
feu roulant de	
feu vert	
ficelles du métier	
ficher à la porte	jeter à la porte - jeter à la rue - jeter sur le pavé - mettre à la porte - mettre à la rue
ficher la paix	
ficher le camp	faire [se] la malle - foutre le camp - mettre les bouts - mettre les voiles - prendre la clef (cle) des champs - tourner les talons
fier comme Artaban	fier comme un coq
fier comme un coq	fier comme Artaban
fil conducteur	fil d’Ariane
fil d’Ariane	fil conducteur
file indienne	
filer à l’anglaise	
filer doux	
filer entre les doigts	couler entre les doigts - passer sous le nez
filer un mauvais coton	
fille de joie	femme de mauvaise vie - fille de mauvaise vie - fille des rues - fille publique - fille soumise
fille des rues	femme de mauvaise vie - fille de joie - fille publique
fille d’Ève	
fille publique	femme de mauvaise vie - fille de joie - fille de mauvaise vie - fille soumise - fille des rues
fils (fille) à papa	gosse de riche
fils de bonne famille	
fin de non-recevoir	
fine mouche	
foi du charbonnier	
foire d’empoigne	
foncer dans le brouillard	
foncer tête baissée	sauter à pieds joints
fond de tableau	
fond de tiroir	
forcer la main	
fort comme un turc	
fort en thème	
fou à lier	
fouetter le sang	
fouler aux pieds	
fourrer [se] le doigt dans l’oeil	
fourrer son nez	ajouter son grain de sel
foutre [se] dedans	faire [se] avoir - faire [se] entuber
foutre [se] de la gueule de	faire des gorges chaudes
foutre [se] en l’air	
foutre le camp	faire [se] la malle - ficher le camp - mettre les bouts - mettre les voiles - prendre la clef (cle) des champs - tourner les talons
foutre les boules	casser la tête - casser les burnes - casser les couilles - casser les oreilles - casser les pieds - chauffer les oreilles - peler le jonc - pomper l’air - prendre les boules
foutre [se] sur la gueule	
franchir le pas	sauter le pas
franchir le Rubicon	
franchir un cap	passer un cap
frapper à toutes les portes	
frère de lait	
frère de sang	
froid de canard	
fruit défendu	
fumer le calumet de la paix	
gagner du terrain	
gagner le gros lot	
gagner sa croûte	
gagner sa vie	
gai comme un pinson	
gamin des rues	
garanti sur facture	
garçon manqué	
garder la chambre	
garder la ligne	
garder le silence	
geler [se] les couilles	
gens de lettres	homme de lettres
gens en place	
gibier de potence	
gosse de riche	fils (fille) à papa - fils (fille) à maman
goulet d’étranglement	
goutte d’eau qui fait déborder le vase	
grain de folie	
graisser la patte (à qqn)	
grand argentier	
grande vie	
grenouille de bénitier	
grimper aux rideaux	
gros bonnet	grosse légume
grosse légume	gros bonnet
grossir les rangs	serrer les rangs
guerre des nerfs	
gueule de bois	
gueule de l’emploi	
gueule d’enterrement	tête d’enterrement
gueule du loup	
habiller (s’) de neuf	
hausser les épaules	
haut comme trois pommes	
haut de gamme	
haut en couleur	
haut la main	les doigts dans le nez
hautes sphères	
heure creuse	
heure de pointe	
heure de vérité	
heure du laitier	
heure H	
heure suprême	
heureux comme un pape	heureux comme un poisson (dans l’eau) - heureux comme un roi
heureux comme un poisson (dans l’eau)	heureux comme un pape - heureux comme un roi
heureux comme un roi	heureux comme un pape
histoire à dormir debout	conte à dormir debout
histoire de brigand(s)	
homme à femmes	
homme à poigne	
homme de bien	
homme de couleur	
homme de la rue	
homme de lettres	gens de lettres
homme de main	
homme de paille	
homme de peine	
homme de plume	
homme de rien	
homme des bois	
homme du monde	
homme en blanc	
homme fait	
hors concours	hors pair - hors série
hors (de) combat	
hors de saison	
hors de soi	
hors série	hors concours - hors pair
hors pair	hors concours - hors série
huitième merveille du monde	
humeur de chien	
hurler à la mort	
hurler avec les loups	
hypothèse d’école	
idée fixe	
idées noires	
illustre inconnu	
il n’y a pas à tortiller	
il n’y a pas de quoi fouetter un chat	
il y a (avait) à boire et à manger	
il y a (avait) anguille sous roche	
il y a (avait) de l’orage dans l’air	
 il y a (avait) quelque chose de pourri (dans le royaume
                    duDanemark)	
imbécile heureux	
inconnu au bataillon	
inscrire [s’] en faux	
inspecteur des travaux finis	
inventer la poudre	inventer le fil à couper le beurre
inventer le fil à couper le beurre	inventer la poudre
ironie du sort	
jacasser comme une pie	
jambe de coq	
jambe en coton	
jardin des allongés	boulevard des allongés
jardin secret	
jeter à la face	
jeter à la porte	ficher à la porte - jeter à la rue - jeter sur le pavé - mettre à la porte - mettre à la rue - jeter à la rue - jeter sur le pavé - mettre à la porte - mettre à la rue
jeter à la rue	ficher à la porte - jeter à la porte - jeter sur le pavé - mettre à la porte - mettre à la rue - jeter à la porte - jeter sur le pavé - mettre à la porte - mettre à la rue
jeter [se] à l’eau	mettre [se] à l’eau
jeter au panier	
jeter aux lions	
jeter aux orties	jeter au panier
jeter [se] aux pieds	
jeter de la poudre aux yeux	
jeter de l’huile sur le feu	ajouter de l’huile sur le feu - mettre de l’huile sur le feu - mettre le feu aux poudres
jeter en pâture	
jeter l’ancre	
jeter le bébé avec l’eau du bain	
jeter le gant	
jeter le masque	
jeter l’éponge	baisser les bras - baisser pavillon - donner sa langue au chat - lever les bras - mettre les pouces
jeter par les fenêtres	jeter par terre
jeter par terre	jeter par les fenêtres
jeter son dévolu sur	
jeter sur le dos	mettre sur le dos
jeter sur le pavé	ficher à la porte - jeter à la porte - jeter à la rue - mettre à la porte - mettre à la rue - jeter à la porte - jeter à la rue - mettre à la porte - mettre à la rue
jeter un froid	
jeter un pont	
jeu de bascule	
jeu de dupes	
jeune dans sa tête	
jeune loup	
jeune premier	
joindre les deux bouts	
jouer au chat et à la souris	
jouer au docteur	
jouer au plus fin	
jouer avec le feu	
jouer cartes sur table	mettre [se] à table - afficher la couleur - annoncer la couleur
jouer dans la cour des grands	
jouer des poings	
jouer double jeu	jouer sur les deux (sur tous les) tableaux
jouer du pipeau	
jouer franc jeu	
jouer la comédie	
jouer le jeu	
jouer les Cassandre	
jouer le tout pour le tout	
jouer sa dernière carte	
jouer serré	
jouer sur les deux (sur tous les) tableaux	
jouer une carte	
jouer un mauvais tour	faire un tour de cochon - jouer un sale tour - jouer un tour de cochon - jouer un vilain tour
jouer un sale tour	faire un tour de cochon - jouer un mauvais tour - jouer un tour de cochon - jouer un vilain tour
jouer un tour de cochon	faire un tour de cochon - jouer un mauvais tour - jouer un sale tour - jouer un vilain tour
jouer un vilain tour	faire un tour de cochon - jouer un mauvais tour - jouer un sale tour - jouer un tour de cochon
jour J	
jurer ses grands dieux	
jus de chaussette	
jusqu’à la corde	jusqu’à la dernière goutte - jusqu’à la moelle
jusqu’à la dernière goutte	jusqu’à la corde - jusqu’à la moelle
jusqu’à la garde	jusqu’au cou
jusqu’à la moelle	jusqu’à la dernière goutte - jusqu’à la corde
jusqu’à plus soif	tout son soûl
jusqu’au bout des doigts	jusqu’au trognon - jusqu’aux yeux - jusqu’au bout des ongles
jusqu’au bout des ongles	jusqu’au trognon - jusqu’aux yeux - jusqu’au bout des doigts
jusqu’au cou	jusqu’à la garde
jusqu’au trognon	jusqu’au bout des doigts - jusqu’au bout des ongles - jusqu’aux yeux
jusqu’aux yeux	jusqu’au bout des doigts - jusqu’au bout des ongles - jusqu’au trognon
la balle est dans son camp	à lui de jouer
lâcher du lest	
lâcher pied	lâcher prise
lâcher prise	lâcher pied
la corde au cou	
laid comme un pou	
laisser au vestiaire	
laisser aux mains de	laisser entre les mains
laisser [s’en] conter	
laisser couler	
laisser de côté	
laisser des plumes	
laisser en plan	
laisser en rade	laisser en plan
laisser entre les mains	laisser aux mains de
laisser la porte ouverte	
laisser le champ libre	
laisser [se] marcher sur les pieds	
laisser pisser (les mérinos)	
laisser pour compte	
laisser [se] prendre	
laisser tomber	
l’alpha et l’oméga	
la mayonnaise prend	
la mer à boire	
la mettre en veilleuse	
lancer le bal	
lancer des éclairs	
lancer des piques	
lancer le bal	
langue de bois	
langue de vipère	mauvaise langue
langue fourrée	
langue verte	
lanterne rouge	
la queue basse	la queue entre les jambes
la queue entre les jambes	la queue basse
l’arme au pied	
larmes de crocodile	
la roue tourne	
la semaine de quatre jeudis	tous les trente-six du mois
la sentir passer	
laver [s’en] les mains	
l’avoir dans l’os	
l’avoir mauvaise	
l’eau à la bouche	
l’échapper belle	
lécher les bottes	cirer les bottes - cirer les pompes - passer de la pommade - passer la main dans le dos
lécher les vitrines	
le dernier des mohicans	
le gîte et le couvert	
le pied au plancher	à fond de train - à fond la caisse - à fond les baskets - à fond les manettes - à plein gaz - à tire-d’aile - à tombeau ouvert - à toutes jambes - à toute vapeur - au pas de charge - en quatrième (vitesse) - plein pot
les bras ballants	les bras croisés
les bras croisés	les bras ballants
les carottes sont cuites	
les doigts dans le nez	haut la main
les doigts de pieds en éventail	
les lendemains qui chantent	
les mains liées	
les nerfs à fleur de peau	les nerfs à vif - les nerfs en boule
les mains vides	
les murs ont des oreilles	
les nerfs à vif	les nerfs à fleur de peau - les nerfs en boule
les nerfs en boule	les nerfs à fleur de peau - les nerfs à vif
le sort en est jeté	
les places sont chères	
les trois quarts du temps	
les yeux fermés	
le tour est joué	
lettre morte	
lettre ouverte	
levée de boucliers	
lever [se] de bonne heure	
lever la main (sur qn)	
lever l’ancre	
lever le camp	
lever le coude	avoir la dalle en pente - avoir le gosier en pente - boire comme un trou - prendre une cuite
lever le pied	
lever les bras	baisser les bras - baisser pavillon - donner sa langue au chat - jeter l’éponge - mettre les pouces
libre comme l’air	
ligne de mire	
lire entre les lignes	
liste noire	
l’œil aux aguets	l'oreille aux aguets
loi de la jungle	
loi du silence	
l'oreille aux aguets	l’œil aux aguets
loup dans la bergerie	
louper le coche	manquer le coche - marquer le pas - rater le coche
lune de miel	
mâcher la besogne	mâcher le travail
mâcher le travail	mâcher la besogne
maison close	maison de passe - maison de rendez-vous - maison de tolérance
maison de passe	maison close - maison de rendez-vous - maison de tolérance
maison de rendez-vous	maison close - maison de passe - maison de tolérance
maison de tolérance	maison de passe - maison close - maison de rendez-vous
mal dans sa peau	
mal dans sa tête	
mal du pays	
malade comme un chien	
mal du siècle	
manger à tous les râteliers	
manger de la vache enragée	
manger des yeux	
manger du lion	
manger sur le pouce	
manque de bol	manque de pot
manque de pot	manque de bol
manquer le coche	louper le coche - marquer le pas - rater le coche
marché de dupe(s)	
marcher sur les pas	marcher sur les traces - suivre les pas - suivre les traces
marcher sur les plates-bandes de quelqu’un	
marcher sur les traces	marcher sur les pas - suivre les pas - suivre les traces
marée noire	
mariage blanc	
marquer le coup	
marquer le pas	louper le coche - manquer le coche - rater le coche
mauvais coucheur	
mauvais coup	
mauvais esprit	
mauvaise graine	
mauvaise langue	langue de vipère
mauvais œil	
mauvais pas	
mauvais quart d’heure	
mélanger [se] les pédales	mélanger [se] les pinceaux
mélanger [se] les pinceaux	mélanger [se] les pédales
mémoire d’éléphant	
ménager la chèvre et le chou	
mener à la baguette	
mener la danse	être à la barre - tenir les ficelles - tenir les rênes
mener par le bout du nez	
mener (quelqu’un) en bateau	
mener sa barque	
mer d’huile	
mettre à bout	faire tourner en bourrique - porter sur les nerfs - pousser à bout - taper sur les nerfs - taper sur le système
mettre à côté de la plaque	
mettre à gauche	
mettre à jour	
mettre à la porte	ficher à la porte - jeter à la porte - jeter à la rue - jeter sur le pavé - mettre à la rue - jeter à la porte - jeter à la rue - jeter sur le pavé - mettre à la rue
mettre à la rue	ficher à la porte - jeter à la porte - jeter à la rue - jeter sur le pavé - mettre à la porte - jeter à la porte - jeter sur le pavé - mettre à la porte - mettre à la rue
mettre [se] à l’eau	jeter [se] à l’eau
mettre à l’ombre	
mettre à l’index	
mettre à pied	
mettre à plat	
mettre [se] à table	jouer cartes sur table
mettre à toutes les sauces	
mettre au clair	tirer au clair
mettre au coin	
mettre au jour	mettre en lumière
mettre au monde	donner le jour
mettre au panier	
mettre au pas	
mettre au pied du mur	
mettre au point	
mettre [se] au vert	
mettre aux prises	
mettre dans la balance	
mettre [se] dans la peau de	être dans la peau de
mettre dans la tête	
mettre dans le même panier	mettre dans le même sac
mettre dans le même sac	mettre dans le même panier
mettre dans le mille	faire mouche
mettre dans sa poche	
mettre de côté	mettre à gauche
mettre de l’eau dans son vin	
mettre de l’huile dans les rouages	
mettre de l’huile sur le feu	ajouter de l’huile sur le feu - jeter de l’huile sur le feu - mettre le feu aux poudres
mettre des bâtons dans les roues	mettre des grains de sable dans les rouages
mettre des gants	
mettre des grains de sable dans les rouages	mettre des bâtons dans les roues
mettre du beurre dans les épinards	
mettre du cœur (à l’ouvrage)	
mettre [se] en boule	
mettre en branle	
mettre [se] en campagne	
mettre en chantier	
mettre en jeu	
mettre en lumière	mettre au jour
mettre en selle	mettre le pied à l’étrier - pousser à la roue
mettre en sommeil	
mettre en veilleuse	
mettre la charrue avant les boeufs	
mettre la clé sous la porte	mettre la clé sous le paillasson - mettre la clé sous le paillasson
mettre la clé sous le paillasson	mettre la clé sous la porte - mettre la clé sous la porte
mettre la gomme	appuyer sur le champignon - mettre les gaz
mettre la main à la pâte	
mettre la puce à l’oreille	
mettre [se] la tête à l’envers	
mettre le comble	
mettre [se] le doigt dans l’œil (jusqu’au coude)	
mettre le doigt sur la plaie	enfoncer le couteau dans la plaie - remuer le couteau dans la plaie - retourner le couteau dans la plaie
mettre le feu aux poudres	ajouter de l’huile sur le feu - jeter de l’huile sur le feu - mettre de l’huile sur le feu
mettre le grappin	
mettre le holà	
mettre le nez dehors	montrer (le bout de) son nez
mettre le paquet	
mettre le pied à l’étrier	mettre en selle - pousser à la roue
mettre les bouchées doubles	
mettre les bouts	faire [se] la malle - ficher le camp - foutre le camp - mettre les voiles - prendre la clef (cle) des champs - tourner les talons
mettre les gaz	appuyer sur le champignon - mettre la gomme
mettre les pieds dans le plat	
mettre les points sur les i	
mettre les pouces	baisser les bras - baisser pavillon - donner sa langue au chat - jeter l’éponge - lever les bras
mettre les voiles	faire [se] la malle - ficher le camp - foutre le camp - mettre les bouts - prendre la clef (cle) des champs - tourner les talons
mettre [se] martel en tête	
mettre [s’en] plein la gueule	
mettre plus bas que terre	vouer aux gémonies
mettre [se] quelqu’un à dos	
mettre son grain de sel	ajouter son grain de sel - fourrer son nez
mettre sur la touche	
mettre sur le dos	jeter sur le dos
mettre sur le tapis	
mettre un bémol	
mettre un point final	
mettre une croix sur	
mi-figue, mi-raisin	
mine de rien	
mine d’or	
miroir aux alouettes	
monnaie de singe	
monnaie parlée	
monsieur tout le monde	
monstre sacré	
monter au créneau	monter au filet
monter au filet	
monter [se] la tête	monter [se] le bourrichon
monter sur ses grands chevaux	
montrer (le bout de) son nez	mettre le nez dehors
montrer les dents	sortir les griffes
montrer patte blanche	
morceau de choix	morceau de roi
morceau de roi	morceau de choix
mordre à l’hameçon	tomber dans les filets de quelqu’un - tomber dans le panneau
mordre [se] la langue	tenir sa langue
mordre la poussière	aller au tapis
mordre [se] les doigts	
moulin à paroles	
mourir debout	
mouton de Panurge	
mystère et boule de gomme	
naître coiffé	avoir une chance de cocu - naître sous une bonne étoile
naître sous une bonne étoile	avoir une chance de cocu - naître coiffé
naître sous une mauvaise étoile	
n’avoir que la peau sur les os	
n’avoir qu’une parole	
ne dormir que d’un oeil	
ne faire ni chaud ni froid	
ne faire qu’une bouchée	
n’en avoir rien à battre	n’en avoir rien à branler - n’en avoir rien à cirer - n’en avoir rien à foutre - n’en avoir rien à secouer
n’en avoir rien à branler	n’en avoir rien à battre - n’en avoir rien à cirer - n’en avoir rien à foutre - n’en avoir rien à secouer
n’en avoir rien à cirer	n’en avoir rien à battre - n’en avoir rien à branler - n’en avoir rien à foutre - n’en avoir rien à secouer
n’en avoir rien à foutre	n’en avoir rien à battre - n’en avoir rien à branler - n’en avoir rien à cirer - n’en avoir rien à secouer
n’en avoir rien à secouer	n’en avoir rien à battre - n’en avoir rien à branler - n’en avoir rien à cirer - n’en avoir rien à foutre
n’en faire qu’à sa tête	
ne pas arriver à la cheville	
ne pas attacher son chien avec des saucisses	
ne pas avoir froid aux yeux	ne pas manquer d’air - ne pas manquer de souffle - faire la sainte nitouche
ne pas avoir gardé les cochons ensemble	
ne pas avoir les yeux dans sa poche	
ne pas avoir sa langue dans sa poche	avoir la langue bien pendue
ne pas bouger le petit doigt	ne pas lever le petit doigt
ne pas céder d’un pouce de terrain	
ne pas connaître son bonheur	
ne pas entrer dans la tête	
ne pas être à la noce	
ne pas être à prendre avec des pincettes	
ne pas être aux pièces	
ne pas être dans le coup	être sur la touche - rester sur la touche
ne pas être de bois	
ne pas être de fer	
ne pas être de la roupie de sansonnet	
ne pas être en odeur de sainteté	
ne pas être né de la dernière pluie	
ne pas être tombé de la dernière pluie	
ne pas faire dans la dentelle	
ne pas faire de cadeau	
ne pas faire de mal à une mouche	
ne pas faire long feu	
ne pas faire un pli	
ne pas fermer l’oeil	
ne pas lâcher d’une semelle	ne pas quitter d’une semelle
ne pas lever le petit doigt	ne pas bouger le petit doigt
ne pas mâcher ses mots	trancher le mot
ne pas manger de ce pain-là	
ne pas manquer d’air	ne pas avoir froid aux yeux - ne pas manquer de souffle
ne pas manquer de souffle	ne pas avoir froid aux yeux - ne pas manquer d’air
ne pas quitter d’une semelle	ne pas lâcher d’une semelle
ne pas savoir sur quel pied danser	
ne pas valoir la chandelle	
ne pas valoir la corde pour le pendre	
ne pas voir plus loin que le bout de son nez	
ne pas y aller avec le dos de la cuiller	ne pas y aller de main morte
ne pas y aller de main morte	ne pas y aller avec le dos de la cuiller
ne pas y aller par quatre chemins	
ne plus se sentir pisser	avoir les chevilles qui enflent - avoir les chevilles qui gonflent - boire du petit lait
nez au bec d’aigle	
ni fait ni à faire	
ni queue ni tête	sans queue ni tête
nid de vipères	panier de crabes
noir sur blanc	
nom à coucher dehors	
nom à rallonge	
nom de guerre	
nom de plume	
nourrir son homme	
noyau dur	
noyer le poisson	
nuit blanche	
nuit des temps	
n’y voir que du bleu	n’y voir que du feu
n’y voir que du feu	n’y voir que du bleu
occuper (s’) de ses oignons	
occuper le devant de la scène	tenir le haut du pavé
occuper le terrain	
oeil au beurre noir	oeil poché
oeil de bronze	porte de derrière
oeil du maître	
oeil poché	oeil au beurre noir
oeuf de Colomb	
oeuf sur le plat	
offrir en pâture	porter sur un plat d’argent - apporter sur un plateau (d’argent)
oiseau rare	
ombre au tableau	
opiner du bonnet	
or en barre	
où le bât le blesse	
ours mal léché	
ouvrir des horizons	
ouvrir la bouche	
ouvrir la(les) porte(s)	
ouvrir la voie	
ouvrir le feu	
ouvrir les bras	
ouvrir l’esprit	
ouvrir l’œil	
ouvrir l’oreille	
ouvrir ses portes	
ouvrir son cœur	
ouvrir une parenthèse	
pain quotidien	
panier de crabes	nid de vipères
panier percé	
paquet de nerfs	
par acquit de conscience	
par-dessous la jambe	
par-dessus le marché	
parer [se] des plumes du paon	
par le fer et par le feu	
parler à coeur ouvert	
parler au cœur	aller droit au coeur
parler à un mur	parler à un sourd
parler à un sourd	parler à un mur
parler dans le sens de	abonder dans le sens de - aller dans le sens de
parler dans le vide	parler en l’air
parler de la pluie et du beau temps	causer de la pluie et du beau temps
parler d’or	
parler en l’air	parler dans le vide
parole d’honneur	
partager [se] le gâteau	
part du gâteau	
part du lion	
par tête de pipe	
partie cachée de l’iceberg	
partie de jambes en l'air	
partir en couille	
parti pris	
pas besoin d’être sorti de Polytechnique	
pas de clerc	
passage à vide	
passer à la casserole	
passer à tabac	
passer à travers les mailles du filet	
passer au peigne fin	
passer comme une ombre	
passer de la pommade	cirer les bottes - cirer les pompes - lécher les bottes - passer la main dans le dos
passer du coq à l’âne	
passer du noir au blanc	
passer entre les gouttes	
passer la main	
passer la main dans le dos	cirer les bottes - cirer les pompes - lécher les bottes - passer de la pommade
passer l’arme à gauche	casser sa pipe - descendre au tombeau - passer l’arme à gauche
passer la surmultipliée	
passer le flambeau	transmettre le flambeau
passer l’éponge	tirer un trait
passer le temps	
passer par les armes	
passer par toutes les couleurs (de l’arc-en-ciel)	
passer ses nerfs	
passer sous le nez	couler entre les doigts - filer entre les doigts
passer sur le billard	
passer sur le ventre	
passer un cap	franchir un cap
passer un sale moment	
passer un savon	apprendre à vivre - dire deux mots - faire une scène - prendre à partie - remonter les bretelles - sonner les cloches
pas un iota	
pas un traître mot	
patience d’ange	
patte de mouche	
patte folle	
pauvre d’esprit	pauvre en esprit
pauvre diable	
pauvre en esprit	pauvre d’esprit
pavé de l’ours	
payer de sa personne	
payer en monnaie de singe	
payer [se] la poire de	
payer les pots cassés	
payer rubis sur l’ongle	
payer son écot	
peau de balle	
peau de vache	bras de fer
pêcher en eau trouble	
pêcheur d’hommes	
pédaler dans la choucroute	pédaler dans la semoule - pédaler dans le yaourt
pédaler dans la semoule	pédaler dans la choucroute - pédaler dans le yaourt
pédaler dans le yaourt	pédaler dans la choucroute - pédaler dans la semoule
peigner la girafe	faire du vent
peintre du dimanche	
peler le jonc	casser la tête - casser les burnes - casser les couilles - casser les oreilles - casser les pieds - chauffer les oreilles - foutre les boules - pomper l’air - prendre la tête
pendre la crémaillère	
percer à jour	
percer le cœur	déchirer le coeur - fendre l’âme - fendre le coeur
perdre connaissance	
perdre du terrain	
perdre la boule	perdre la tête - péter les plombs
perdre la boussole	perdre la carte - perdre le Nord - perdre son latin
perdre la carte	perdre la boussole - perdre le Nord - perdre son latin
perdre la face	
perdre la tête	perdre la boule - péter les plombs
perdre le fil	perdre les pédales
perdre le Nord	perdre la boussole - perdre la carte - perdre son latin
perdre les pédales	perdre le fil
perdre pied	
perdre son latin	perdre la boussole - perdre la carte - perdre le Nord
perdre son temps	
perte sèche	
peser dans la balance	
peser ses mots	
péter le feu	
péter les plombs	perdre la boule - perdre la tête
petite bière	pipi de chat
petite phrase	
petites gens	petit monde
petits souliers	
pied à pied	
pieds et poings liés	
piège à cons	
pierre angulaire	
pierre d’achoppement	
pierre de touche	
pipi de chat	petite bière
piquer au vif	
piquer un fard	
piquer un roupillon	
place au soleil	
planche de salut	ballon d’oxygène - bouée de sauvetage
plein aux as	
plein comme une barrique	bourré comme un coing - plein comme une huître - soûl comme un cochon
plein comme une huître	bourré comme un coing - plein comme une barrique - soûl comme un cochon
plein comme un œuf	
plein pot	à fond de train - à fond la caisse - à fond les baskets - à fond les manettes - à plein gaz - à tire-d’aile - à tombeau ouvert - à toutes jambes - à toute vapeur - au pas de charge - en quatrième (vitesse) - le pied au plancher
pleurer misère	crier misère
pleuvoir à seaux	pleuvoir à verse - pleuvoir comme une vache qui pisse - tomber des cordes
pleuvoir à verse	pleuvoir à seaux - pleuvoir comme une vache qui pisse - tomber des cordes
pleuvoir comme une vache qui pisse	pleuvoir à seaux - pleuvoir à verse - tomber des cordes
plier bagage	
plier l’échine	baisser la tête - baisser son froc - courber la tête - courber l’échine
poids mort	bouche inutile
poignée d’amour	
point de mire	
point de non-retour	
point d’interrogation	
point faible	point sensible
point sensible	point faible
poire pour la soif	
politique de l’autruche	
pomme de discorde	
pomper l’air	casser les burnes - casser les couilles - casser les oreilles - casser les pieds - chauffer les oreilles - foutre les boules - prendre la tête
pomper le dard	pomper le gland - pomper le noeud - tirer une pipe
pomper le gland	pomper le dard - pomper le noeud - tirer une pipe
pomper le noeud	pomper le dard - pomper le gland - tirer une pipe
pont aux ânes	
pont d’or	
porte de derrière	oeil de bronze
porter à faux	
porter aux nues	
porter beau	
porter [se] comme un charme	
porter des cornes	
porter ombrage	
porter sa croix	
porter sur le système	faire tourner en bourrique - mettre à bout - porter sur les nerfs - pousser à bout - taper sur les nerfs - taper sur le système
porter sur les nerfs	faire tourner en bourrique - mettre à bout - porter sur le système - pousser à bout - taper sur les nerfs - taper sur le système
portion congrue	
portrait vivant	
poser des jalons	déblayer le terrain
poser une colle	
pot à tabac	
pot aux roses	
pot de colle	
poudre aux yeux	
poule mouillée	
pour des clopinettes	pour des prunes - pour des queues de cerises
pour des prunes	pour des clopinettes - pour des queues de cerises
pour des queues de cerises	pour des clopinettes - pour des prunes
pour la frime	
pour pas un rond	sans bourse délier
poursuivre son bonhomme de chemin	aller son (petit) bonhomme de chemin - continuer son bonhomme de chemin - suivre son bonhomme de chemin
pour une bouchée de pain	
pousser à bout	faire tourner en bourrique - mettre à bout - porter sur les nerfs - taper sur le système
pousser à la roue	mettre en selle - mettre le pied à l’étrier
pousser comme un champignon	
pousser des cris d’orfraie	
pousser [se] du col	
pousser le bouchon un peu loin	aller [y] fort - aller trop loin
prêcher dans le désert	crier dans le désert
prêcher le faux pour savoir le vrai	
prêcher pour sa paroisse	
premier communiant	
premier mouvement	
premier pas	
prendre à cœur	
prendre à partie	apprendre à vivre - dire deux mots - faire une scène - passer un savon - remonter les bretelles - sonner les cloches
prendre aux tripes	remuer les tripes - retourner les tripes
prendre corps	
prendre de haut	
prendre de court	
prendre de la bouteille	avoir de la bouteille
prendre [en] de la graine	
prendre (avec) des gants	
prendre des vessies pour des lanternes	
prendre du champ	
prendre du recul	
prendre en grippe	
prendre la balle au bond	attraper la balle au bond - saisir la balle au bond
prendre la clef (cle) des champs	faire [se] la malle - ficher le camp - foutre le camp - mettre les bouts - mettre les voiles - tourner les talons
prendre la main dans le sac	prendre sur le fait
prendre la mouche	avoir le sang chaud
prendre la poudre d’escampette	disparaître dans la nature
prendre la température	prendre le pouls - tâter le pouls - tâter le terrain
prendre la tête	casser les burnes - casser les couilles - casser les oreilles - casser les pieds - chauffer les oreilles - foutre les boules - peler le jonc - pomper l’air
prendre le dessus	avoir le dessus - avoir le meilleur - emporter le morceau - enlever le morceau - prendre le meilleur
prendre le mal à la racine	vider l’abcès
prendre le meilleur	avoir le dessus - avoir le meilleur - emporter le morceau - enlever le morceau - prendre le dessus
prendre le mors aux dents	
prendre le pli de	
prendre le pouls	prendre la température - tâter le pouls - tâter le terrain
prendre les devants	
prendre [se] les pieds dans le tapis	mettre les pieds dans le plat
prendre le taureau par les cornes	
prendre le tournant	
prendre le train en marche	
prendre le voile	
prendre ombrage	
prendre pied	
prendre [en] plein la gueule	
prendre pour argent comptant	accepter pour argent comptant
prendre [en] pour son grade	
prendre racine	
prendre ses aises	
prendre ses jambes à son cou	
prendre son courage à deux mains	
prendre son mal en patience	tenir bon
prendre son parti de	
prendre sur le fait	prendre la main dans le sac
prendre un bol d’air	
prendre une cuite	avoir la dalle en pente - avoir le gosier en pente - boire comme un trou - lever le coude
prendre une gamelle	prendre une pelle - prendre une veste
prendre une pelle	prendre une gamelle - prendre une veste
prendre une veste	prendre une gamelle - prendre une pelle
prendre une pinte de bon sang	
prendre une piquette	
présence d’esprit	
prêter le flanc	donner matière - donner prise
prêter l’oreille	
prise de bec	
promettre la lune	
promettre monts et merveilles	
prophète de malheur	
prouver par A + B	
puits de science	
pur et dur	
quand les poules auront des dents	
quartier chaud	
question à 2 (10, 100) balles	question à 2 euros - question à 1000 euros
question à 2 (1000) euros	question à 2 balles - question à 10 balles - question à 100 balles
quitter la partie	abandonner la partie
rabattre le caquet à	
raccrocher les wagons	
raide comme la justice	
ramener au bercail	
ramener sa fraise	
ranger [se] des voitures	
rat de bibliothèque	
rater le coche	louper le coche - manquer le coche - marquer le pas
ratisser large	
ravitaillé par les corbeaux	
raz de marée	
rebattre les oreilles	
recevoir cinq sur cinq	
recharger les accus	recharger les batteries
recharger les batteries	recharger les accus
reculer pour mieux sauter	
redorer son blason	
réduire en bouillie	réduire en cendres - réduire en poussière
réduire en cendres	réduire en bouillie - réduire en poussière
réduire en poussière	réduire en bouillie - réduire en cendres
refaire surface	
refiler le bébé	
regard de chien battu	
regarder de travers	
regarder [se] en chiens de faïence	
regarder [se] le nombril	
regarder par-dessus l’épaule	
régler son compte	
relever la tête	
relever le gant	
remède de bonne femme	
remettre [se] à flot	
remettre aux calendes grecques	renvoyer aux calendes grecques
remettre [se] en selle	reprendre du poil de la bête
remettre les compteurs à zéro	repartir à zéro - revenir à la case départ
remonter la pente	
remonter le courant	
remonter les bretelles	apprendre à vivre - dire deux mots - faire une scène - passer un savon - prendre à partie - sonner les cloches
remuer ciel et terre	
remuer le couteau dans la plaie	enfoncer le couteau dans la plaie - mettre le doigt sur la plaie - retourner le couteau dans la plaie
remuer les tripes	prendre aux tripes - retourner les tripes
renaître de ses cendres	
rendre gorge	
rendre la monnaie (de sa pièce)	rendre la pareille
rendre la pareille	rendre la monnaie (de sa pièce)
rendre son tablier	
rentrer dans le système	
rentrer dans sa coquille	
renverser la vapeur	
renverser le jeu	
renvoyer aux calendes grecques	remettre aux calendes grecques
renvoyer dans les cordes	casser du sucre sur le dos - déchirer à belles dents - descendre en flammes
renvoyer dos à dos	
renvoyer la balle	river son clou à (qqn)
renvoyer l’ascenseur	
repartir à zéro	remettre les compteurs à zéro - revenir à la case départ
réponse de normand	
réponse du berger à la bergère	
reposer [se] sur ses lauriers	endormir [s’] sur ses lauriers
reprendre du poil de la bête	remettre [se] en selle
rester à la traîne	
rester [en] comme deux ronds de flan	
rester court	rester sec
rester de marbre	
rester en plan	
rester en travers (de la gorge)	rester sur l’estomac
rester sec	rester court
rester sur la touche	être sur la touche - ne pas être dans le coup
rester sur l’estomac	rester en travers (de la gorge)
retomber sur ses pattes	retomber sur ses pieds
retomber sur ses pieds	retomber sur ses pattes
retourner à ses moutons	revenir à ses moutons
retourner le couteau dans la plaie	enfoncer le couteau dans la plaie - mettre le doigt sur la plaie - remuer le couteau dans la plaie
retourner les tripes	prendre aux tripes - remuer les tripes
retourner sa veste	tourner casaque
retrousser ses manches	
réveiller les vieux démons	
revenir à la case départ	remettre les compteurs à zéro - repartir à zero
revenir à ses moutons	retourner à ses moutons
revenir bredouille	
revenir de loin	
revenir sur le tapis	
revers de la médaille	
rincer [se] l’oeil	
rire à gorge déployée	rire aux éclats
rire aux éclats	rire à gorge déployée
rire jaune	
rire sous cape	
risquer sa peau	
river son clou à (qqn)	renvoyer la balle
rompre la glace	
rompre les ponts	couper les ponts
ronger son frein	
rouleau compresseur	
rouler dans la farine	
rouler sa bosse	
rouler un patin	rouler une pelle
rouler une pelle	rouler un patin
sac à viande	
sac à vin	
sac d’embrouilles	sac de nœuds
sac de nœuds	sac d’embrouilles
sage comme une image	
sain et sauf	
saisir à bras-le-corps	prendre à bras-le-corps
saisir la balle au bond	attraper la balle au bond - prendre la balle au bond
sale coup (pour la fanfare)	coup dur
salir [se] les mains	
salle des pas perdus	
sang bleu	
sans aveu	sans feu ni lieu
sans bourse délier	pour pas un rond
sans cervelle	
sans cœur	
sans crier gare	tout à trac
sans débander	sans désemparer
sans déconner (déc)	blague à part - blague dans le coin
sans désemparer	sans débander
sans fard	
sans feu ni lieu	sans aveu
sans fleurs ni couronne	
sans mélange	
sans phrases	
sans prix	
sans queue ni tête	ni queue ni tête
sans retour	
sans retour	
sans rime ni raison	
sans sourciller	
sans tambour ni trompette	
santé de fer	
sauter à pieds joints	foncer tête baissée
sauter au cou	
sauter aux yeux	
sauter le pas	franchir le pas
sauter sur l’occasion	
sauvé par le gong	
sauver la face	sauver la mine
sauver la mine	sauver la face
sauver les apparences	
sauver les meubles	
sauver sa peau	
savonner la planche	couper l’herbe sous le pied
scène de ménage	
second couteau	
seconde nature	
secret d’alcôve	
secret de polichinelle	
sel de la terre	
semer la zizanie	
sens dessus dessous	
sentiers battus	
sentir le brûlé	sentir le roussi
sentir le roussi	sentir le brûlé
sentir le sapin	avoir un pied dans la tombe
sentir le vent du boulet	
sentir le vent tourner	
séparer le bon grain de l’ivraie	
série noire	
serrer de près	
serrer [se] la ceinture	
serrer le cœur	
serrer les boulons	
serrer [se] les coudes	tenir [se] les coudes
serrer les rangs	grossir les rangs
servir de pont	
ses cliques et ses claques	
signe des temps	
signes des temps	
silence de mort	
soir de la vie	
solide au poste	
sommeil de plomb	
sommeil éternel	
son de cloche	
sonner les cloches	apprendre à vivre - dire deux mots - faire une scène - prendre à partie - remonter les bretelles
sortir [se] bien	
sorti de la cuisse de Jupiter	
sortir de ses gonds	
sortir du placard	faire son coming-out
sortir du rouge	
sortir du ton	
sortir les griffes	montrer les dents
sortir par les trous de nez	sortir par les yeux
sortir par les yeux	sortir par les trous de nez
souffler le chaud et le froid	
soûl comme un cochon	bourré comme un coing - plein comme une barrique - plein comme une huître
soupe au lait	
sourd comme un pot	
sourire Colgate	
sous la griffe de	
sous la houlette de	
sous l’aile de	à l’ombre de
sous le couvert de	
sous le couvert de	
sous le manteau	
sous le même toit	
sous le nez	
sous le sceau du secret	
sous le signe de	
sous les verrous	
sucer le sang	
suer sang et eau	
suivre le mouvement	
suivre les pas	marcher sur les pas - marcher sur les traces - suivre les traces
suivre les traces	marcher sur les pas - marcher sur les traces - suivre les pas
suivre sa pente	
suivre son train de vie	aller son (petit) bonhomme de chemin - poursuivre son bonhomme de chemin - continuer son bonhomme de chemin
supplice chinois	
suppôt de Satan	
sur la corde raide	
sur la paille	à la nage - au bout du rouleau - au trente-sixième dessous - aux abois - dans la dèche - dans la mouise - dans la panade - dans le pétrin
sur la sellette	
sur le chantier	sur le métier
sur le métier	sur le chantier
sur le pied de guerre	
sur les chapeaux de roues	à bride abattue - à toute bride - à fond de train - à fond la caisse - à fond la gomme - à fond les ballons - à fond les gamelles - à tombeau ouvert - à tout va
sur les talons de	
sur son trente-et-un	
sur toutes les coutures	
surprise du chef	
tableau de chasse	
taille de guêpe	
tailler dans le vif	couper dans le vif
tailler des croupières	
tailler une bavette	
tailler une pipe	pomper le dard - pomper le gland - pomper le noeud - tirer une pipe
tailler un short	
talon d’Achille	
tambour battant	
taper dans le tas	tirer dans le tas
taper dans l’œil	
taper sur les nerfs	faire tourner en bourrique - mettre à bout - porter sur les nerfs - pousser à bout - taper sur le système
taper sur le système	faire tourner en bourrique - mettre à bout - porter sur les nerfs - pousser à bout - taper sur les nerfs
taquiner [se] le bouton	
tarte à la crème	
tas de boue	tas de ferraille - tas de merde
tas de ferraille	tas de boue - tas de merde
tas de merde	tas de boue - tas de ferraille
tâter le pouls	prendre la température - prendre le pouls - tâter le terrain
tâter le terrain	prendre la température - prendre le pouls - tâter le pouls
tempête dans un verre d’eau	
temps de chien	
temps mort	
tendre enfance	
tendre la joue gauche	tendre l’autre joue
tendre la main	tendre la perche - tendre les bras
tendre la perche	tendre la main - tendre les bras
tendre l’autre joue	tendre la joue gauche
tendre les bras	tendre la main - tendre la perche
tendre l’oreille	dresser l’oreille
tenir [se] à carreau	
tenir à cœur	
tenir à l’œil	avoir à l’oeil - avoir l’œil dessus - veiller au grain
tenir à un fil	
tenir bon	prendre son mal en patience
tenir comme à la prunelle de ses yeux	
tenir en haleine	
tenir en laisse	
tenir la barre	
tenir la chandelle	
tenir la corde	
tenir la route	
tenir le bon bout	
tenir le haut du pavé	
tenir les cordons de la bourse	
tenir [se] les coudes	serrer [se] les coudes
tenir les ficelles	être à la barre - mener la danse - tenir les rênes
tenir les rênes	être à la barre - mener la danse - tenir les ficelles
tenir sa langue	mordre [se] la langue
tenir tête	
tenir [en] une couche	
tenter le diable	
terrain d’entente	
terrain glissant	
tête à claque	
tête brûlée	
tête creuse	cervelle de moineau - cervelle d’oiseau - tête de linotte - tête en l’air
tête de bois	tête de fer - tête de lard - tête de mule - tête de pioche
tête de fer	tête de bois - tête de lard - tête de mule - tête de pioche
tête de lard	tête de bois - tête de fer - tête de mule - tête de pioche
tête de linotte	cervelle de moineau - cervelle d’oiseau - tête creuse - tête en l’air
tête de mule	tête de bois - tête de fer - tête de lard - tête de pioche
tête d’enterrement	gueule d’enterrement
tête de pioche	tête de bois - tête de fer - tête de lard - tête de mule
tête d’oeuf	crâne d’oeuf
tête en l’air	cervelle de moineau - cervelle d’oiseau - tête creuse - tête de linotte
tiré à quatre épingles	
tiré par les cheveux	
tirer à boulets rouges	tomber à bras raccourcis
tirer à hue et à dia	
tirer au clair	mettre au clair
tirer au flanc	
tirer dans le dos	
tirer dans le tas	taper dans le tas
tirer des plans sur la comète	
tirer la langue	crever la dalle - tirer le diable par la queue
tirer la manche	
tirer le bon numéro	
tirer l’échelle	
tirer le diable par la queue	crever la dalle - tirer la langue
tirer le mauvais numéro	
tirer les ficelles	
tirer les marrons du feu	
tirer les vers du nez	
tirer sa révérence	
tirer son épingle du jeu	
tirer sur la corde	tirer sur la ficelle
tirer sur la ficelle	tirer sur la corde
tirer sur l’ambulance	
tirer un trait	passer l’éponge
tirer une pipe	pomper le dard - pomper le gland - pomper le noeud - tailler une pipe
toilette de chat	
tomber à bras raccourcis	tirer à boulets rouges
tomber à la renverse	tomber de haut - tomber de la lune - tomber des nues - tomber du ciel
tomber à l’eau	être à l’eau - tomber dans le lac
tomber à plat	
tomber comme des mouches	
tomber comme un fruit mûr	
tomber dans le lac	être à l’eau - tomber à l’eau
tomber dans le panneau	mordre à l’hameçon - tomber dans les filets de quelqu’un
tomber dans les filets de quelqu’un	mordre à l’hameçon - tomber dans le panneau
tomber dans les pommes	
tomber dans l’oreille d’un sourd	
tomber de Charybde en Scylla	
tomber de haut	tomber à la renverse - tomber de la lune - tomber des nues - tomber du ciel
tomber de la lune	tomber à la renverse - tomber de haut - tomber des nues - tomber du ciel
tomber des cordes	pleuvoir à seaux - pleuvoir à verse - pleuvoir comme une vache qui pisse
tomber des nues	tomber à la renverse - tomber de haut - tomber de la lune - tomber du ciel
tomber du ciel	tomber à la renverse - tomber de haut - tomber de la lune - tomber des nues
tomber du lit	
tomber en poussière	
tomber en rideau	
tomber mal	
tomber pile	
tomber sous la main	
tomber sous le sens	
tomber sur le dos	
tomber sur un os	
tomber tout cuit dans le bec	
tordre le nez	
toucher du doigt	
toucher le fond	
toucher sa bille	
toujours la même chanson	
tour de cochon	
tour de force	coup de maître
tour de table	
tour d’ivoire	
tourner à l’aigre	tourner au vinaigre
tourner à vide	
tourner au vinaigre	tourner à l’aigre
tourner autour du pot	
tourner casaque	retourner sa veste
tourner en eau de boudin	être à l’eau - tomber à l’eau - tomber dans le lac
tourner la page	
tourner le dos à	
tourner [se] les pouces	croiser [se] les bras
tourner les talons	faire [se] la malle - ficher le camp - foutre le camp - mettre les bouts - mettre les voiles - prendre la clef (cle) des champs
tourner rond	
tous les trente-six du mois	la semaine de quatre jeudis
tout à trac	sans crier gare
tout craché	
tout de go	
tout feu tout flamme	
tout n’est pas noir	
tout n’est pas rose	
tout son soûl	jusqu’à plus soif
tout sucre tout miel	
train de sénateur	
traîner dans la boue	
traîner ses guêtres	
traîner (comme) un boulet	
traiter de tous les noms (d’oiseaux)	
trancher dans le vif	
trancher le mot	ne pas mâcher ses mots
transmettre le flambeau	passer le flambeau
travail de bénédictin	
travail de fourmi	
travail d’Hercule	
travailler au corps	
travailler du chapeau	
trier sur le volet	
trou à rats	
trou perdu	
trouver chaussure à son pied	
trouver le filon	
tu as perdu ta langue?	
tuer dans l’oeuf	
tuer la poule aux œufs d’or	
tuer le temps	
un peu fort de café	
un train peut en cacher un autre	
usine à gaz	
vache à lait	assiette au beurre
valoir son pesant de cacahuètes	
valoir son pesant d’or	
veiller au grain	avoir à l’oeil - avoir l’œil dessus - tenir à l’œil
vendre [se] comme des petits pains	
vendre la mèche	
vendre la peau de l’ours avant de l’avoir tué	
venir au jour	
venir [en] aux mains	
vérité toute nue	
viande froide	
victoire à la Pyrrhus	
vider l’abcès	prendre le mal à la racine - crever l’abcès
vider ses couilles	
vider son sac	
vie de patachon	
vieille école	
vieille fille	
vieille taupe	
vieux garçon	
vieux jeu	
vieux routier	
vilain petit canard	
violon d’Ingres	
virer sa cuti	
visage en lame de couteau	
vivre d’amour et d’eau fraîche	
vivre dans un autre monde	
vivre de l’air du temps	
voir arriver avec ses gros sabots	
voir [en] des vertes et des pas mûres	voir [en] de toutes les couleurs
voir [en] de toutes les couleurs	voir [en] des vertes et des pas mûres
voir grand	
voir la vie en rose	voir tout en rose
voir le jour	
voir les choses en noir	
voir loin	
voir midi à sa porte	
voir rouge	
voir tout en rose	voir la vie en rose
voir trente-six chandelles	
voix de la conscience	
voler de ses propres ailes	
vouer aux gémonies	mettre plus bas que terre
vue de l’esprit	
y avoir de l’eau dans le gaz	y avoir quelque chose qui cloche
y avoir quelque chose qui cloche	y avoir de l’eau dans le gaz
yeux de biche	
yeux de braise	
yeux de gazelle	
yeux de lynx	
yeux de merlan frit	
